,season,session,game_id,game_date,team,opp_team,strength_state,toi,gf,ga,hdgf,hdga,xgf,xga,sf,sa,hdsf,hdsa,ff,fa,hdff,hdfa,cf,ca,bsf,bsa,msf,msa,hdmsf,hdmsa,teammate_block,hf,ht,give,take,ozf,nzf,dzf,fow,fol,ozfw,ozfl,nzfw,nzfl,dzfw,dzfl,pent0,pent2,pent4,pent5,pent10,pend0,pend2,pend4,pend5,pend10,ozs,nzs,dzs,otf
0,20162017,P,2016030151,2017-04-13,CHI,NSH,4v5,2.0,0,0,0,0,0.0,0.0544765330851078,0,1,0,0,0,1,0,0,0,0,0,2,0,0,0,0,0,1,0,1,0,0,2,2,2,0,0,0,1,0,1,0,0,0,0,0,0,0,0,0,0,0,0,0,0,0
1,20162017,P,2016030151,2017-04-13,CHI,NSH,5v4,4.0,0,0,0,0,0.22199668735265732,0.0,3,0,0,0,3,0,0,0,0,0,3,0,0,0,0,0,0,0,0,0,0,2,2,0,2,2,1,0,1,0,0,2,0,0,0,0,0,0,0,0,0,0,0,0,0,0
2,20162017,P,2016030151,2017-04-13,CHI,NSH,5v5,51.96666666666667,0,1,0,1,2.031393293524161,1.0696687460877001,24,19,5,2,34,22,8,3,0,0,23,10,10,3,3,1,0,32,37,12,7,22,14,14,25,20,11,5,7,4,7,11,0,1,0,0,0,0,1,0,0,0,0,0,0,0
3,20162017,P,2016030151,2017-04-13,CHI,NSH,Ev5,2.033333333333333,0,0,0,0,0.13320154882967472,0.4746493101119995,2,0,1,0,3,1,1,0,0,0,0,0,1,1,0,0,0,0,0,0,0,4,0,0,2,2,2,0,0,0,0,2,0,0,0,0,0,0,1,0,0,0,0,0,0,0
4,20162017,P,2016030151,2017-04-13,NSH,CHI,4v5,4.0,0,0,0,0,0.0,0.22199668735265732,0,3,0,0,0,3,0,0,0,0,0,3,0,0,0,0,0,0,0,1,2,0,0,4,2,2,0,1,0,1,2,0,0,0,0,0,0,0,0,0,0,0,0,0,0,0
5,20162017,P,2016030151,2017-04-13,NSH,CHI,5v4,2.0,0,0,0,0,0.0544765330851078,0.0,1,0,0,0,1,0,0,0,0,0,2,0,0,0,0,0,0,0,1,0,0,0,0,0,0,2,0,0,0,1,0,1,0,0,0,0,0,0,0,0,0,0,0,0,0,0
6,20162017,P,2016030151,2017-04-13,NSH,CHI,5v5,51.96666666666667,1,0,1,0,1.0696687460877001,2.031393293524161,19,24,2,5,22,34,3,8,0,0,10,23,3,10,1,3,0,37,32,10,7,10,8,22,20,25,5,11,4,7,11,7,0,1,0,0,0,0,1,0,0,0,0,0,0,0
7,20162017,P,2016030151,2017-04-13,NSH,CHI,5vE,2.033333333333333,0,0,0,0,0.4746493101119995,0.13320154882967472,0,2,0,1,1,3,0,1,0,0,0,0,1,1,0,0,0,0,0,1,1,0,0,4,2,2,0,2,0,0,2,0,0,1,0,0,0,0,0,0,0,0,0,0,0,0
8,20162017,P,2016030152,2017-04-15,CHI,NSH,4v5,5.233333333333333,0,1,0,0,0.0,0.16442999243736267,0,2,0,0,0,2,0,0,0,0,0,2,0,0,0,0,0,2,0,2,0,0,2,4,3,2,0,1,1,1,2,0,0,0,0,0,0,0,0,0,0,0,0,0,0,0
9,20162017,P,2016030152,2017-04-15,CHI,NSH,5v4,4.0,0,0,0,0,0.3669126592576504,0.0,3,0,1,0,5,0,1,0,0,0,2,0,2,0,0,0,0,1,0,0,0,2,0,0,1,2,1,0,0,0,0,2,0,0,0,0,0,0,0,0,0,0,0,0,0,0
10,20162017,P,2016030152,2017-04-15,CHI,NSH,5v5,50.71666666666667,0,4,0,2,1.8163465303368866,2.724567274097353,27,27,4,4,31,35,4,6,0,0,13,19,4,8,0,2,0,28,48,7,9,16,16,16,24,31,8,7,8,9,8,15,0,3,0,0,1,0,1,0,0,0,0,0,0,0
11,20162017,P,2016030152,2017-04-15,CHI,NSH,Ev5,0.05,0,0,0,0,0.0,0.0,0,0,0,0,0,0,0,0,0,0,0,0,0,0,0,0,0,0,0,0,0,0,0,0,0,0,0,0,0,0,0,0,0,0,0,0,0,0,1,0,0,0,0,0,0,0
12,20162017,P,2016030152,2017-04-15,NSH,CHI,4v5,4.0,0,0,0,0,0.0,0.3669126592576504,0,3,0,1,0,5,0,1,0,0,0,2,0,2,0,0,0,0,1,1,0,0,0,4,2,1,0,1,0,0,2,0,0,0,0,0,0,0,0,0,0,0,0,0,0,0
13,20162017,P,2016030152,2017-04-15,NSH,CHI,5v4,5.233333333333333,1,0,0,0,0.16442999243736267,0.0,2,0,0,0,2,0,0,0,0,0,2,0,0,0,0,0,0,0,2,0,1,2,2,0,2,3,1,0,1,1,0,2,0,0,0,0,0,0,0,0,0,0,0,0,0,0
14,20162017,P,2016030152,2017-04-15,NSH,CHI,5v5,50.71666666666667,4,0,2,0,2.724567274097353,1.8163465303368866,27,27,4,4,35,31,6,4,0,0,19,13,8,4,2,0,0,48,28,10,8,14,18,30,31,24,7,8,9,8,15,8,0,1,0,0,0,0,3,0,0,1,0,0,0,0
15,20162017,P,2016030152,2017-04-15,NSH,CHI,5vE,0.05,0,0,0,0,0.0,0.0,0,0,0,0,0,0,0,0,0,0,0,0,0,0,0,0,0,0,0,0,0,0,0,0,0,0,0,0,0,0,0,0,0,1,0,0,0,0,0,0,0,0,0,0,0,0
16,20162017,P,2016030153,2017-04-17,CHI,NSH,4v4,4.0,0,0,0,0,0.10772528871893883,0.19649774953722954,2,1,0,0,3,3,0,0,0,0,2,2,1,2,0,0,0,1,1,2,0,0,0,2,1,4,0,2,0,0,1,2,0,0,0,0,0,0,0,0,0,0,0,0,0,0
17,20162017,P,2016030153,2017-04-17,CHI,NSH,4v5,2.0,0,0,0,0,0.0,0.04180169105529785,0,1,0,0,0,1,0,0,0,0,1,1,0,0,0,0,0,1,1,0,0,0,0,2,1,1,0,1,0,0,1,0,0,0,0,0,0,0,0,0,0,0,0,0,0,0
18,20162017,P,2016030153,2017-04-17,CHI,NSH,5v4,4.983333333333333,1,0,0,0,0.40185496397316456,0.01468115858733654,3,1,0,0,7,1,0,0,0,0,2,1,4,0,0,0,0,0,1,0,0,4,0,2,3,2,2,0,0,0,1,2,0,0,0,0,0,0,0,0,0,0,0,0,0,0
19,20162017,P,2016030153,2017-04-17,CHI,NSH,5v5,65.75,1,3,1,3,1.6212056276854128,3.561816116794944,31,46,5,7,37,59,5,10,0,0,13,26,6,13,0,3,0,14,29,13,10,22,22,14,29,40,11,14,11,10,7,16,0,3,0,0,0,0,5,0,0,0,0,0,0,0
20,20162017,P,2016030153,2017-04-17,NSH,CHI,4v4,4.0,0,0,0,0,0.19649774953722954,0.10772528871893883,1,2,0,0,3,3,0,0,0,0,2,2,2,1,0,0,0,1,1,1,1,4,0,4,4,1,2,0,0,0,2,1,0,0,0,0,0,0,0,0,0,0,0,0,0,0
21,20162017,P,2016030153,2017-04-17,NSH,CHI,4v5,4.983333333333333,0,1,0,0,0.01468115858733654,0.40185496397316456,1,3,0,0,1,7,0,0,0,0,1,2,0,4,0,0,0,1,0,1,1,0,0,4,2,3,0,2,0,0,2,1,0,0,0,0,0,0,0,0,0,0,0,0,0,0
22,20162017,P,2016030153,2017-04-17,NSH,CHI,5v4,2.0,0,0,0,0,0.04180169105529785,0.0,1,0,0,0,1,0,0,0,0,0,1,1,0,0,0,0,0,1,1,1,0,2,0,0,1,1,1,0,0,0,0,1,0,0,0,0,0,0,0,0,0,0,0,0,0,0
23,20162017,P,2016030153,2017-04-17,NSH,CHI,5v5,65.75,3,1,3,1,3.561816116794944,1.6212056276854128,46,31,7,5,59,37,10,5,0,0,26,13,13,6,3,0,0,29,14,14,12,28,20,32,40,29,14,11,10,11,16,7,0,5,0,0,0,0,3,0,0,0,0,0,0,0
24,20162017,P,2016030154,2017-04-20,CHI,NSH,4v5,5.316666666666666,0,0,0,0,0.0,0.9744310081005096,0,4,0,1,0,7,0,1,0,0,0,5,0,3,0,0,0,0,0,3,2,0,0,2,1,2,0,2,0,0,1,0,0,0,0,0,0,0,0,0,0,0,0,0,0,0
25,20162017,P,2016030154,2017-04-20,CHI,NSH,5v4,2.1333333333333333,1,0,0,0,0.23343487828969955,0.0,2,0,0,0,2,0,0,0,0,0,0,0,0,0,0,0,0,0,1,0,0,0,2,0,1,1,0,0,1,0,0,1,0,0,0,0,0,0,0,0,0,0,0,0,0,0
26,20162017,P,2016030154,2017-04-20,CHI,NSH,5v5,51.666666666666664,0,3,0,1,2.299853206379339,2.738064651377499,29,21,2,5,41,28,7,6,0,0,15,11,12,7,5,1,0,13,20,8,7,24,10,16,25,25,12,7,5,10,8,8,0,3,0,0,0,0,0,1,0,0,0,0,0,0
27,20162017,P,2016030154,2017-04-20,CHI,NSH,Ev5,0.8666666666666667,0,1,0,1,0.0,0.8080077767372131,0,1,0,1,0,1,0,1,0,0,1,0,0,0,0,0,0,0,0,0,0,0,0,0,0,0,0,0,0,0,0,0,0,0,0,0,0,0,0,0,0,0,0,0,0,0
28,20162017,P,2016030154,2017-04-20,NSH,CHI,4v5,2.1333333333333333,0,1,0,0,0.0,0.23343487828969955,0,2,0,0,0,2,0,0,0,0,0,0,0,0,0,0,0,1,0,0,0,0,0,2,1,1,0,0,0,1,1,0,0,0,0,0,0,0,0,0,0,0,0,0,0,0
29,20162017,P,2016030154,2017-04-20,NSH,CHI,5v4,5.316666666666666,0,0,0,0,0.9744310081005096,0.0,4,0,1,0,7,0,1,0,0,0,5,0,3,0,0,0,0,0,0,1,0,4,0,0,2,1,2,0,0,0,0,1,0,0,0,0,0,0,0,0,0,0,0,0,0,0
30,20162017,P,2016030154,2017-04-20,NSH,CHI,5v5,51.666666666666664,3,0,1,0,2.738064651377499,2.299853206379339,21,29,5,2,28,41,6,7,0,0,11,15,7,12,1,5,0,20,13,16,11,14,20,16,25,25,7,12,10,5,8,8,0,0,1,0,0,0,3,0,0,0,0,0,0,0
31,20162017,P,2016030154,2017-04-20,NSH,CHI,5vE,0.8666666666666667,1,0,1,0,0.8080077767372131,0.0,1,0,1,0,1,0,1,0,0,0,0,1,0,0,0,0,0,0,0,0,0,0,0,0,0,0,0,0,0,0,0,0,0,0,0,0,0,0,0,0,0,0,0,0,0,0
32,20162017,P,2016030231,2017-04-26,NSH,STL,4v3,0.75,0,0,0,0,0.5563343092799187,0.0,4,0,1,0,4,0,1,0,0,0,0,0,0,0,0,0,0,0,0,0,0,8,0,0,4,0,4,0,0,0,0,0,0,0,0,0,0,0,0,0,0,0,0,0,0,0
33,20162017,P,2016030231,2017-04-26,NSH,STL,4v4,1.25,0,0,0,0,0.14190173521637917,0.0,1,0,0,0,2,0,0,0,0,0,0,0,1,0,0,0,0,0,0,0,0,2,0,2,2,0,1,0,0,0,1,0,0,0,0,0,0,0,1,0,0,0,0,0,0,0
34,20162017,P,2016030231,2017-04-26,NSH,STL,4v5,2.0,0,0,0,0,0.0,0.39027318358421326,0,1,0,1,0,4,0,2,0,0,0,0,0,3,0,1,0,1,1,0,1,2,0,2,2,0,1,0,0,0,1,0,0,0,0,0,0,0,0,0,0,0,0,0,0,0
35,20162017,P,2016030231,2017-04-26,NSH,STL,5v3,0.4666666666666667,0,0,0,0,0.05832652002573013,0.0,1,0,0,0,1,0,0,0,0,0,0,0,0,0,0,0,0,0,0,0,0,2,0,0,1,0,1,0,0,0,0,0,0,0,0,0,0,0,0,0,0,0,0,0,0,0
36,20162017,P,2016030231,2017-04-26,NSH,STL,5v4,2.95,2,0,2,0,0.7178121712058783,0.0,8,0,2,0,9,0,2,0,0,0,1,0,1,0,0,0,0,1,1,0,0,4,0,0,2,0,2,0,0,0,0,0,0,0,0,0,0,0,1,0,0,0,0,0,0,0
37,20162017,P,2016030231,2017-04-26,NSH,STL,5v5,51.016666666666666,2,3,1,2,1.7585679180920124,1.911596060032025,18,28,6,3,28,38,6,3,0,0,3,18,10,10,0,0,0,32,34,6,5,10,22,18,25,22,5,8,11,9,9,5,0,2,0,0,0,0,2,0,0,0,0,0,0,0
38,20162017,P,2016030231,2017-04-26,NSH,STL,5vE,1.5666666666666667,0,0,0,0,0.0,0.174360491335392,0,1,0,1,0,2,0,1,0,0,0,0,0,1,0,0,0,0,0,0,0,0,0,4,2,1,0,0,0,1,2,0,0,0,0,0,0,0,0,0,0,0,0,0,0,0
39,20162017,P,2016030231,2017-04-26,STL,NSH,3v4,0.75,0,0,0,0,0.0,0.5563343092799187,0,4,0,1,0,4,0,1,0,0,0,0,0,0,0,0,0,0,0,0,0,0,0,0,0,4,0,4,0,0,0,0,0,0,0,0,0,0,0,0,0,0,0,0,0,0
40,20162017,P,2016030231,2017-04-26,STL,NSH,3v5,0.4666666666666667,0,0,0,0,0.0,0.05832652002573013,0,1,0,0,0,1,0,0,0,0,0,0,0,0,0,0,0,0,0,0,0,0,0,0,0,1,0,1,0,0,0,0,0,0,0,0,0,0,0,0,0,0,0,0,0,0
41,20162017,P,2016030231,2017-04-26,STL,NSH,4v4,1.25,0,0,0,0,0.0,0.14190173521637917,0,1,0,0,0,2,0,0,0,0,0,0,0,1,0,0,0,0,0,0,0,0,0,0,0,2,0,1,0,0,0,1,0,1,0,0,0,0,0,0,0,0,0,0,0,0
42,20162017,P,2016030231,2017-04-26,STL,NSH,4v5,2.95,0,2,0,2,0.0,0.7178121712058783,0,8,0,2,0,9,0,2,0,0,0,1,0,1,0,0,0,1,1,0,1,0,0,0,0,2,0,2,0,0,0,0,0,1,0,0,0,0,0,0,0,0,0,0,0,0
43,20162017,P,2016030231,2017-04-26,STL,NSH,5v4,2.0,0,0,0,0,0.39027318358421326,0.0,1,0,1,0,4,0,2,0,0,0,0,0,3,0,1,0,0,1,1,0,0,0,0,0,0,2,0,1,0,0,0,1,0,0,0,0,0,0,0,0,0,0,0,0,0,0
44,20162017,P,2016030231,2017-04-26,STL,NSH,5v5,51.016666666666666,3,2,2,1,1.911596060032025,1.7585679180920124,28,18,3,6,38,28,3,6,0,0,18,3,10,10,0,0,0,34,32,4,5,16,18,10,22,25,8,5,9,11,5,9,0,2,0,0,0,0,2,0,0,0,0,0,0,0
45,20162017,P,2016030231,2017-04-26,STL,NSH,Ev5,1.5666666666666667,0,0,0,0,0.174360491335392,0.0,1,0,1,0,2,0,1,0,0,0,0,0,1,0,0,0,0,0,0,0,1,0,2,0,1,2,0,0,1,0,0,2,0,0,0,0,0,0,0,0,0,0,0,0,0,0
46,20162017,P,2016030232,2017-04-28,NSH,STL,4v4,2.0,0,0,0,0,0.16702665947377682,0.08639507740736008,1,0,0,0,3,1,0,0,0,0,3,0,2,1,0,0,0,0,1,0,0,2,0,2,2,0,1,0,0,0,1,0,0,0,0,0,0,0,0,0,0,0,0,0,0,0
47,20162017,P,2016030232,2017-04-28,NSH,STL,4v5,11.0,0,1,0,0,0.0,0.7098098695278168,0,5,0,0,0,10,0,1,0,0,0,1,0,5,0,1,0,0,3,0,2,0,4,8,6,5,0,2,2,2,4,1,0,0,0,0,0,0,0,0,0,0,0,0,0,0
48,20162017,P,2016030232,2017-04-28,NSH,STL,5v5,45.36666666666667,2,2,1,1,2.0123053938150406,1.6309746340848505,20,15,3,3,32,23,4,4,0,0,20,10,12,8,1,1,0,33,20,3,2,10,16,8,17,21,5,5,8,7,4,9,0,4,0,1,1,0,1,0,0,0,0,0,0,0
49,20162017,P,2016030232,2017-04-28,NSH,STL,Ev5,1.6333333333333333,0,0,0,0,0.24660376645624638,0.0,3,0,0,0,4,0,0,0,0,0,1,0,1,0,0,0,0,0,0,0,0,0,0,0,0,4,0,0,0,0,0,4,0,0,0,0,0,0,0,0,0,0,0,0,0,0
50,20162017,P,2016030232,2017-04-28,NSH,STL,EvE,0.0,0,0,0,0,0.0,0.0,0,0,0,0,0,0,0,0,0,0,0,0,0,0,0,0,0,0,0,0,0,0,0,0,0,0,0,0,0,0,0,0,0,0,0,0,0,0,0,0,0,0,0,0,0,0
51,20162017,P,2016030232,2017-04-28,STL,NSH,4v4,2.0,0,0,0,0,0.08639507740736008,0.16702665947377682,0,1,0,0,1,3,0,0,0,0,0,3,1,2,0,0,0,1,0,0,0,0,0,0,0,2,0,1,0,0,0,1,0,0,0,0,0,0,0,0,0,0,0,0,0,0
52,20162017,P,2016030232,2017-04-28,STL,NSH,5v4,11.0,1,0,0,0,0.7098098695278168,0.0,5,0,0,0,10,0,1,0,0,0,1,0,5,0,1,0,0,3,0,0,1,4,4,2,5,6,2,0,2,2,1,4,0,0,0,0,0,0,0,0,0,0,0,0,0,0
53,20162017,P,2016030232,2017-04-28,STL,NSH,5v5,45.36666666666667,2,2,1,1,1.6309746340848505,2.0123053938150406,15,20,3,3,23,32,4,4,0,0,10,20,8,12,1,1,0,20,33,7,3,10,14,18,21,17,5,5,7,8,9,4,0,1,0,0,0,0,4,0,1,1,0,0,0,0
54,20162017,P,2016030232,2017-04-28,STL,NSH,5vE,1.6333333333333333,0,0,0,0,0.0,0.24660376645624638,0,3,0,0,0,4,0,0,0,0,0,1,0,1,0,0,0,0,0,0,0,0,0,8,4,0,0,0,0,0,4,0,0,0,0,0,0,0,0,0,0,0,0,0,0,0
55,20162017,P,2016030232,2017-04-28,STL,NSH,EvE,0.0,0,0,0,0,0.0,0.0,0,0,0,0,0,0,0,0,0,0,0,0,0,0,0,0,0,0,0,0,0,0,0,0,0,0,0,0,0,0,0,0,0,0,0,0,0,0,0,0,0,0,0,0,0,0
56,20162017,P,2016030233,2017-04-30,NSH,STL,4v3,1.4833333333333334,0,0,0,0,0.23681794106960297,0.0,1,0,0,0,2,0,0,0,0,0,1,0,1,0,0,0,0,0,0,0,0,4,2,0,3,0,2,0,1,0,0,0,0,0,0,0,0,0,0,0,0,0,0,0,0,0
57,20162017,P,2016030233,2017-04-30,NSH,STL,4v5,2.0,0,0,0,0,0.19750937819480896,0.08041038364171982,1,1,1,0,1,2,1,0,0,0,0,1,0,1,0,0,0,0,0,0,1,0,0,2,1,1,0,1,0,0,1,0,0,0,0,0,0,0,0,0,0,0,0,0,0,0
58,20162017,P,2016030233,2017-04-30,NSH,STL,5v4,4.516666666666667,0,0,0,0,0.6845552399754524,0.0,6,0,2,0,7,0,2,0,0,0,4,0,1,0,0,0,0,0,0,1,0,4,0,0,2,2,2,0,0,0,0,2,0,0,0,0,0,0,0,0,0,0,0,0,0,0
59,20162017,P,2016030233,2017-04-30,NSH,STL,5v5,46.583333333333336,3,1,1,1,2.1800718284212053,1.0210675848647952,26,18,5,2,34,23,6,2,0,0,7,12,8,5,1,0,0,33,30,17,3,18,24,20,31,18,9,8,12,5,10,5,0,2,0,0,0,0,2,0,0,0,0,0,0,0
60,20162017,P,2016030233,2017-04-30,NSH,STL,5vE,4.15,0,0,0,0,0.452860951423645,0.6548179052770138,0,4,0,3,1,8,0,4,0,0,0,2,1,4,0,1,0,1,0,2,1,0,0,4,2,2,0,2,0,0,2,0,0,0,0,0,0,0,0,0,0,0,0,0,0,0
61,20162017,P,2016030233,2017-04-30,NSH,STL,Ev4,0.11666666666666667,0,0,0,0,0.0531054325401783,0.0,0,0,0,0,1,0,0,0,0,0,0,0,1,0,0,0,0,0,0,0,0,0,0,0,0,0,0,0,0,0,0,0,0,0,0,0,0,0,1,0,0,0,0,0,0,0
62,20162017,P,2016030233,2017-04-30,NSH,STL,Ev5,0.15,0,0,0,0,0.0,0.0,0,0,0,0,0,0,0,0,0,0,1,0,0,0,0,0,0,0,0,0,0,0,0,0,0,0,0,0,0,0,0,0,0,0,0,0,0,0,1,0,0,0,0,0,0,0
63,20162017,P,2016030233,2017-04-30,NSH,STL,EvE,0.0,0,0,0,0,0.0,0.0,0,0,0,0,0,0,0,0,0,0,0,0,0,0,0,0,0,0,0,0,0,0,0,0,0,0,0,0,0,0,0,0,0,0,0,0,0,0,0,0,0,0,0,0,0,0
64,20162017,P,2016030233,2017-04-30,STL,NSH,3v4,1.4833333333333334,0,0,0,0,0.0,0.23681794106960297,0,1,0,0,0,2,0,0,0,0,0,1,0,1,0,0,0,0,0,0,0,0,0,0,0,3,0,2,0,1,0,0,0,0,0,0,0,0,0,0,0,0,0,0,0,0
65,20162017,P,2016030233,2017-04-30,STL,NSH,4v5,4.516666666666667,0,0,0,0,0.0,0.6845552399754524,0,6,0,2,0,7,0,2,0,0,0,4,0,1,0,0,0,0,0,0,2,0,0,4,2,2,0,2,0,0,2,0,0,0,0,0,0,0,0,0,0,0,0,0,0,0
66,20162017,P,2016030233,2017-04-30,STL,NSH,4vE,0.11666666666666667,0,0,0,0,0.0,0.0531054325401783,0,0,0,0,0,1,0,0,0,0,0,0,0,1,0,0,0,0,0,0,0,0,0,0,0,0,0,0,0,0,0,0,0,1,0,0,0,0,0,0,0,0,0,0,0,0
67,20162017,P,2016030233,2017-04-30,STL,NSH,5v4,2.0,0,0,0,0,0.08041038364171982,0.19750937819480896,1,1,0,1,2,1,0,1,0,0,1,0,1,0,0,0,0,0,0,0,0,2,0,0,1,1,1,0,0,0,0,1,0,0,0,0,0,0,0,0,0,0,0,0,0,0
68,20162017,P,2016030233,2017-04-30,STL,NSH,5v5,46.583333333333336,1,3,1,1,1.0210675848647952,2.1800718284212053,18,26,2,5,23,34,2,6,0,0,12,7,5,8,0,1,0,30,33,6,5,16,10,10,18,31,8,9,5,12,5,10,0,2,0,0,0,0,2,0,0,0,0,0,0,0
69,20162017,P,2016030233,2017-04-30,STL,NSH,5vE,0.15,0,0,0,0,0.0,0.0,0,0,0,0,0,0,0,0,0,0,0,1,0,0,0,0,0,0,0,0,0,0,0,0,0,0,0,0,0,0,0,0,0,1,0,0,0,0,0,0,0,0,0,0,0,0
70,20162017,P,2016030233,2017-04-30,STL,NSH,Ev5,4.15,0,0,0,0,0.6548179052770138,0.452860951423645,4,0,3,0,8,1,4,0,0,0,2,0,4,1,1,0,0,0,1,0,0,4,0,0,2,2,2,0,0,0,0,2,0,0,0,0,0,0,0,0,0,0,0,0,0,0
71,20162017,P,2016030233,2017-04-30,STL,NSH,EvE,0.0,0,0,0,0,0.0,0.0,0,0,0,0,0,0,0,0,0,0,0,0,0,0,0,0,0,0,0,0,0,0,0,0,0,0,0,0,0,0,0,0,0,0,0,0,0,0,0,0,0,0,0,0,0,0
72,20162017,P,2016030234,2017-05-02,NSH,STL,4v4,4.65,0,0,0,0,0.06285722926259041,0.08214414864778519,2,1,0,0,2,1,0,0,0,0,0,0,0,0,0,0,0,2,1,1,0,2,2,0,2,3,1,1,1,0,0,2,0,0,0,0,0,0,0,0,0,0,0,0,0,0
73,20162017,P,2016030234,2017-05-02,NSH,STL,4v5,3.35,0,0,0,0,0.0,1.1832561865448952,0,7,0,2,0,7,0,2,0,0,0,3,0,0,0,0,0,0,0,0,0,0,0,4,2,4,0,3,0,1,2,0,0,0,0,0,0,0,1,0,0,0,0,0,0,0
74,20162017,P,2016030234,2017-05-02,NSH,STL,5v4,6.316666666666666,1,0,1,0,0.9871936030685902,0.0,3,0,1,0,9,0,3,0,0,0,3,0,6,0,2,0,0,0,0,1,0,6,0,0,3,1,3,0,0,0,0,1,0,0,0,0,0,0,0,0,0,0,0,0,0,0
75,20162017,P,2016030234,2017-05-02,NSH,STL,5v5,42.96666666666667,1,1,0,0,2.003003001678735,3.0041186758317053,20,23,2,6,32,33,5,6,0,0,13,3,12,10,3,0,0,27,32,7,7,12,18,18,24,27,6,9,9,12,9,6,0,5,0,0,0,0,6,0,0,0,0,0,0,0
76,20162017,P,2016030234,2017-05-02,NSH,STL,5vE,2.716666666666667,0,0,0,0,0.0,0.050290798768401146,0,2,0,0,0,3,0,0,0,0,0,5,0,1,0,0,0,2,0,1,0,0,0,2,1,1,0,1,0,0,1,0,0,0,0,0,0,0,0,0,0,0,0,0,0,0
77,20162017,P,2016030234,2017-05-02,NSH,STL,EvE,0.0,0,0,0,0,0.0,0.0,0,0,0,0,0,0,0,0,0,0,0,0,0,0,0,0,0,0,0,0,0,0,0,0,0,0,0,0,0,0,0,0,0,0,0,0,0,0,0,0,0,0,0,0,0,0
78,20162017,P,2016030234,2017-05-02,STL,NSH,4v4,4.65,0,0,0,0,0.08214414864778519,0.06285722926259041,1,2,0,0,1,2,0,0,0,0,0,0,0,0,0,0,0,1,2,0,2,2,0,4,3,2,1,1,0,1,2,0,0,0,0,0,0,0,0,0,0,0,0,0,0,0
79,20162017,P,2016030234,2017-05-02,STL,NSH,4v5,6.316666666666666,0,1,0,1,0.0,0.9871936030685902,0,3,0,1,0,9,0,3,0,0,0,3,0,6,0,2,0,0,0,0,1,0,0,2,1,3,0,3,0,0,1,0,0,0,0,0,0,0,0,0,0,0,0,0,0,0
80,20162017,P,2016030234,2017-05-02,STL,NSH,5v4,3.35,0,0,0,0,1.1832561865448952,0.0,7,0,2,0,7,0,2,0,0,0,3,0,0,0,0,0,0,0,0,0,0,6,2,0,4,2,3,0,1,0,0,2,0,1,0,0,0,0,0,0,0,0,0,0,0,0
81,20162017,P,2016030234,2017-05-02,STL,NSH,5v5,42.96666666666667,1,1,0,0,3.0041186758317053,2.003003001678735,23,20,6,2,33,32,6,5,0,0,3,13,10,12,0,3,0,32,27,6,6,18,24,12,27,24,9,6,12,9,6,9,0,6,0,0,0,0,5,0,0,0,0,0,0,0
82,20162017,P,2016030234,2017-05-02,STL,NSH,Ev5,2.716666666666667,0,0,0,0,0.050290798768401146,0.0,2,0,0,0,3,0,0,0,0,0,5,0,1,0,0,0,0,0,2,0,0,2,0,0,1,1,1,0,0,0,0,1,0,0,0,0,0,0,0,0,0,0,0,0,0,0
83,20162017,P,2016030234,2017-05-02,STL,NSH,EvE,0.0,0,0,0,0,0.0,0.0,0,0,0,0,0,0,0,0,0,0,0,0,0,0,0,0,0,0,0,0,0,0,0,0,0,0,0,0,0,0,0,0,0,0,0,0,0,0,0,0,0,0,0,0,0,0
84,20162017,P,2016030235,2017-05-05,NSH,STL,3v5,1.8333333333333333,0,0,0,0,0.0,0.36489785462617874,0,1,0,0,0,3,0,0,0,0,0,3,0,2,0,0,0,0,0,1,0,0,0,4,2,0,0,0,0,0,2,0,0,0,0,0,0,0,0,0,0,0,0,0,0,0
85,20162017,P,2016030235,2017-05-05,NSH,STL,4v4,0.31666666666666665,0,0,0,0,0.0,0.0,0,0,0,0,0,0,0,0,0,0,0,0,0,0,0,0,0,0,0,0,0,2,0,0,1,0,1,0,0,0,0,0,0,0,0,0,0,0,0,0,0,0,0,0,0,0
86,20162017,P,2016030235,2017-05-05,NSH,STL,4v5,6.016666666666667,0,0,0,0,0.09507069736719131,0.18487189337611198,1,2,0,0,1,3,0,0,0,0,0,1,0,1,0,0,0,0,1,1,1,0,4,2,3,5,0,4,2,1,1,0,0,0,1,0,0,0,1,0,0,0,0,0,0,0
87,20162017,P,2016030235,2017-05-05,NSH,STL,5v3,1.15,1,0,0,0,0.5351199805736542,0.0,2,0,0,0,3,0,0,0,0,0,1,0,1,0,0,0,0,0,0,0,0,2,0,0,1,1,1,0,0,0,0,1,0,0,0,0,0,0,0,0,0,0,0,0,0,0
88,20162017,P,2016030235,2017-05-05,NSH,STL,5v4,2.533333333333333,0,0,0,0,0.15605848282575607,0.0022882039193063974,2,1,1,0,3,1,1,0,0,0,2,0,1,0,0,0,0,0,0,0,0,2,0,0,1,1,1,0,0,1,0,0,0,0,0,0,0,0,0,0,0,0,0,0,0,0
89,20162017,P,2016030235,2017-05-05,NSH,STL,5v5,45.916666666666664,0,2,0,1,1.3184260055422783,2.3190408488735557,17,28,3,5,23,35,4,5,0,0,20,8,6,7,1,0,0,25,30,0,3,16,14,12,21,18,8,8,7,4,6,6,0,3,0,0,0,0,0,0,0,0,0,0,0,0
90,20162017,P,2016030235,2017-05-05,NSH,STL,Ev5,2.2333333333333334,0,0,0,0,0.0,0.0,0,0,0,0,0,0,0,0,0,0,2,0,0,0,0,0,0,0,0,0,0,2,2,0,2,1,1,0,1,0,0,1,0,0,0,0,0,0,2,0,0,0,0,0,0,0
91,20162017,P,2016030235,2017-05-05,NSH,STL,EvE,0.0,0,0,0,0,0.0,0.0,0,0,0,0,0,0,0,0,0,0,0,0,0,0,0,0,0,0,0,0,0,0,0,0,0,0,0,0,0,0,0,0,0,0,0,0,0,0,0,0,0,0,0,0,0,0
92,20162017,P,2016030235,2017-05-05,STL,NSH,3v5,1.15,0,1,0,0,0.0,0.5351199805736542,0,2,0,0,0,3,0,0,0,0,0,1,0,1,0,0,0,0,0,0,0,0,0,2,1,1,0,1,0,0,1,0,0,0,0,0,0,0,0,0,0,0,0,0,0,0
93,20162017,P,2016030235,2017-05-05,STL,NSH,4v4,0.31666666666666665,0,0,0,0,0.0,0.0,0,0,0,0,0,0,0,0,0,0,0,0,0,0,0,0,0,0,0,0,0,0,0,0,0,1,0,1,0,0,0,0,0,0,0,0,0,0,0,0,0,0,0,0,0,0
94,20162017,P,2016030235,2017-05-05,STL,NSH,4v5,2.533333333333333,0,0,0,0,0.0022882039193063974,0.15605848282575607,1,2,0,1,1,3,0,1,0,0,0,2,0,1,0,0,0,0,0,1,0,0,2,0,1,1,0,1,1,0,0,0,0,0,0,0,0,0,0,0,0,0,0,0,0,0
95,20162017,P,2016030235,2017-05-05,STL,NSH,5v3,1.8333333333333333,0,0,0,0,0.36489785462617874,0.0,1,0,0,0,3,0,0,0,0,0,3,0,2,0,0,0,0,0,0,0,0,0,0,0,0,2,0,0,0,0,0,2,0,0,0,0,0,0,0,0,0,0,0,0,0,0
96,20162017,P,2016030235,2017-05-05,STL,NSH,5v4,6.016666666666667,0,0,0,0,0.18487189337611198,0.09507069736719131,2,1,0,0,3,1,0,0,0,0,1,0,1,0,0,0,0,1,0,0,0,8,2,0,5,3,4,0,1,2,0,1,0,1,0,0,0,0,0,1,0,0,0,0,0,0
97,20162017,P,2016030235,2017-05-05,STL,NSH,5v5,45.916666666666664,2,0,1,0,2.3190408488735557,1.3184260055422783,28,17,5,3,35,23,5,4,0,0,8,20,7,6,0,1,0,30,25,1,6,16,8,12,18,21,8,8,4,7,6,6,0,0,0,0,0,0,3,0,0,0,0,0,0,0
98,20162017,P,2016030235,2017-05-05,STL,NSH,5vE,2.2333333333333334,0,0,0,0,0.0,0.0,0,0,0,0,0,0,0,0,0,0,0,2,0,0,0,0,0,0,0,0,0,0,0,2,1,2,0,1,0,1,1,0,0,2,0,0,0,0,0,0,0,0,0,0,0,0
99,20162017,P,2016030235,2017-05-05,STL,NSH,EvE,0.0,0,0,0,0,0.0,0.0,0,0,0,0,0,0,0,0,0,0,0,0,0,0,0,0,0,0,0,0,0,0,0,0,0,0,0,0,0,0,0,0,0,0,0,0,0,0,0,0,0,0,0,0,0,0
100,20162017,P,2016030236,2017-05-07,NSH,STL,4v5,2.0,0,0,0,0,0.0,0.038712285459041595,0,1,0,0,0,1,0,0,0,0,0,2,0,0,0,0,0,1,0,1,0,0,0,4,2,1,0,1,0,0,2,0,0,0,0,0,0,0,0,0,0,0,0,0,0,0
101,20162017,P,2016030236,2017-05-07,NSH,STL,5v4,8.0,0,0,0,0,0.5722938403487206,0.0,3,0,1,0,5,0,1,0,0,0,1,0,2,0,0,0,0,0,0,4,0,4,0,0,2,2,2,0,0,0,0,2,0,0,0,0,0,0,0,0,0,0,0,0,0,0
102,20162017,P,2016030236,2017-05-07,NSH,STL,5v5,47.63333333333333,2,1,1,1,1.515207323944196,2.196631846483797,14,22,3,4,25,33,3,5,0,0,13,13,11,11,0,1,0,26,27,15,7,6,14,18,19,30,3,15,7,8,9,7,0,1,0,0,0,0,3,0,0,0,0,0,0,0
103,20162017,P,2016030236,2017-05-07,NSH,STL,5vE,2.216666666666667,1,0,0,0,0.8675478100776672,0.22547757625579834,1,1,0,1,1,2,0,1,0,0,1,1,0,1,0,0,0,0,0,1,0,0,0,6,3,0,0,0,0,0,3,0,0,0,0,0,0,0,0,0,0,0,0,0,0,0
104,20162017,P,2016030236,2017-05-07,NSH,STL,Ev5,0.15,0,0,0,0,0.0,0.0,0,0,0,0,0,0,0,0,0,0,0,0,0,0,0,0,0,0,0,0,0,0,0,0,0,0,0,0,0,0,0,0,0,0,0,0,0,0,1,0,0,0,0,0,0,0
105,20162017,P,2016030236,2017-05-07,NSH,STL,EvE,0.0,0,0,0,0,0.0,0.0,0,0,0,0,0,0,0,0,0,0,0,0,0,0,0,0,0,0,0,0,0,0,0,0,0,0,0,0,0,0,0,0,0,0,0,0,0,0,0,0,0,0,0,0,0,0
106,20162017,P,2016030236,2017-05-07,STL,NSH,4v5,8.0,0,0,0,0,0.0,0.5722938403487206,0,3,0,1,0,5,0,1,0,0,0,1,0,2,0,0,0,0,0,1,1,0,0,4,2,2,0,2,0,0,2,0,0,0,0,0,0,0,0,0,0,0,0,0,0,0
107,20162017,P,2016030236,2017-05-07,STL,NSH,5v4,2.0,0,0,0,0,0.038712285459041595,0.0,1,0,0,0,1,0,0,0,0,0,2,0,0,0,0,0,0,0,1,0,0,2,0,0,1,2,1,0,0,0,0,2,0,0,0,0,0,0,0,0,0,0,0,0,0,0
108,20162017,P,2016030236,2017-05-07,STL,NSH,5v5,47.63333333333333,1,2,1,1,2.196631846483797,1.515207323944196,22,14,4,3,33,25,5,3,0,0,13,13,11,11,1,0,0,27,26,8,4,30,16,14,30,19,15,3,8,7,7,9,0,3,0,0,0,0,1,0,0,0,0,0,0,0
109,20162017,P,2016030236,2017-05-07,STL,NSH,5vE,0.15,0,0,0,0,0.0,0.0,0,0,0,0,0,0,0,0,0,0,0,0,0,0,0,0,0,0,0,0,0,0,0,0,0,0,0,0,0,0,0,0,0,1,0,0,0,0,0,0,0,0,0,0,0,0
110,20162017,P,2016030236,2017-05-07,STL,NSH,Ev5,2.216666666666667,0,1,0,0,0.22547757625579834,0.8675478100776672,1,1,1,0,2,1,1,0,0,0,1,1,1,0,0,0,0,0,0,0,0,0,0,0,0,3,0,0,0,0,0,3,0,0,0,0,0,0,0,0,0,0,0,0,0,0
111,20162017,P,2016030236,2017-05-07,STL,NSH,EvE,0.0,0,0,0,0,0.0,0.0,0,0,0,0,0,0,0,0,0,0,0,0,0,0,0,0,0,0,0,0,0,0,0,0,0,0,0,0,0,0,0,0,0,0,0,0,0,0,0,0,0,0,0,0,0,0
112,20162017,P,2016030321,2017-05-12,ANA,NSH,3v5,1.45,0,0,0,0,0.0,0.3472729027271271,0,2,0,1,0,2,0,1,0,0,0,2,0,0,0,0,0,0,0,1,0,0,0,0,0,1,0,1,0,0,0,0,0,0,0,0,0,0,0,0,0,0,0,0,0,0
113,20162017,P,2016030321,2017-05-12,ANA,NSH,4v5,7.1,0,0,0,0,0.0012077389983460307,0.8275584597140551,1,9,0,1,1,11,0,2,0,0,0,1,0,2,0,1,0,0,0,3,0,0,2,10,6,3,0,3,1,0,5,0,0,1,0,0,0,0,0,0,0,0,0,0,0,0
114,20162017,P,2016030321,2017-05-12,ANA,NSH,5v4,8.0,0,0,0,0,0.7016805298626423,0.03631236031651497,4,0,1,0,9,1,2,1,0,0,2,1,5,1,1,1,0,2,2,5,0,6,0,0,3,2,3,0,0,0,0,2,0,0,0,0,0,0,0,0,0,0,0,0,0,0
115,20162017,P,2016030321,2017-05-12,ANA,NSH,5v5,52.38333333333333,2,3,0,1,2.943027701228857,2.2517245039343834,23,34,8,9,36,43,9,11,0,0,12,15,13,9,1,2,0,26,25,8,4,18,26,18,31,25,9,11,13,10,9,4,0,3,0,0,0,0,2,0,0,0,0,0,0,0
116,20162017,P,2016030321,2017-05-12,ANA,NSH,5vE,0.31666666666666665,0,0,0,0,0.0,0.07543819397687912,0,1,0,0,0,1,0,0,0,0,0,0,0,0,0,0,0,0,0,0,0,0,0,0,0,0,0,0,0,0,0,0,0,1,0,0,0,0,0,0,0,0,0,0,0,0
117,20162017,P,2016030321,2017-05-12,ANA,NSH,Ev5,0.15,0,0,0,0,0.029991818591952324,0.0,1,0,0,0,1,0,0,0,0,0,0,0,0,0,0,0,0,0,0,0,0,0,0,0,0,0,0,0,0,0,0,0,0,0,0,0,0,0,2,0,0,0,0,0,0,0
118,20162017,P,2016030321,2017-05-12,NSH,ANA,4v5,8.0,0,0,0,0,0.03631236031651497,0.7016805298626423,0,4,0,1,1,9,1,2,0,0,1,2,1,5,1,1,0,2,2,2,1,0,0,4,2,3,0,3,0,0,2,0,0,0,0,0,0,0,0,0,0,0,0,0,0,0
119,20162017,P,2016030321,2017-05-12,NSH,ANA,5v3,1.45,0,0,0,0,0.3472729027271271,0.0,2,0,1,0,2,0,1,0,0,0,2,0,0,0,0,0,0,0,0,0,1,2,0,0,1,0,1,0,0,0,0,0,0,0,0,0,0,0,0,0,0,0,0,0,0,0
120,20162017,P,2016030321,2017-05-12,NSH,ANA,5v4,7.1,0,0,0,0,0.8275584597140551,0.0012077389983460307,9,1,1,0,11,1,2,0,0,0,1,0,2,0,1,0,0,0,0,4,1,6,0,0,3,6,3,0,0,1,0,5,0,0,0,0,0,0,1,0,0,0,0,0,0,0
121,20162017,P,2016030321,2017-05-12,NSH,ANA,5v5,52.38333333333333,3,2,1,0,2.2517245039343834,2.943027701228857,34,23,9,8,43,36,11,9,0,0,15,12,9,13,2,1,0,25,26,12,6,22,20,8,25,31,11,9,10,13,4,9,0,2,0,0,0,0,3,0,0,0,0,0,0,0
122,20162017,P,2016030321,2017-05-12,NSH,ANA,5vE,0.15,0,0,0,0,0.0,0.029991818591952324,0,1,0,0,0,1,0,0,0,0,0,0,0,0,0,0,0,0,0,0,0,0,0,0,0,0,0,0,0,0,0,0,0,2,0,0,0,0,0,0,0,0,0,0,0,0
123,20162017,P,2016030321,2017-05-12,NSH,ANA,Ev5,0.31666666666666665,0,0,0,0,0.07543819397687912,0.0,1,0,0,0,1,0,0,0,0,0,0,0,0,0,0,0,0,0,0,0,0,0,0,0,0,0,0,0,0,0,0,0,0,0,0,0,0,0,1,0,0,0,0,0,0,0
124,20162017,P,2016030322,2017-05-14,ANA,NSH,4v5,6.0,0,1,0,1,0.03528643399477005,0.27976610139012337,1,3,0,1,1,4,0,1,0,0,0,0,0,1,0,0,0,1,0,0,1,2,0,6,4,1,1,0,0,1,3,0,0,0,0,0,0,0,0,0,0,0,0,0,0,0
125,20162017,P,2016030322,2017-05-14,ANA,NSH,5v4,2.533333333333333,1,0,0,0,0.22705227509140968,0.0,2,0,0,0,3,0,0,0,0,0,0,0,1,0,0,0,0,0,0,0,0,4,0,0,2,0,2,0,0,0,0,0,0,0,0,0,0,0,0,0,0,0,0,0,0,0
126,20162017,P,2016030322,2017-05-14,ANA,NSH,5v5,49.266666666666666,3,2,2,1,1.7542401344981045,3.3897822271101177,23,29,5,8,32,44,8,10,0,0,12,9,9,15,3,2,0,19,19,13,6,10,14,24,24,29,5,11,7,8,12,10,0,2,0,0,0,0,2,0,0,0,0,0,0,0
127,20162017,P,2016030322,2017-05-14,ANA,NSH,5vE,2.2,1,0,0,0,1.0236120223999023,0.10101348906755447,1,1,0,0,2,1,0,0,0,0,0,1,1,0,0,0,0,0,0,0,0,0,0,8,4,1,0,1,0,0,4,0,0,1,0,0,0,0,0,0,0,0,0,0,0,0
128,20162017,P,2016030322,2017-05-14,ANA,NSH,EvE,0.0,0,0,0,0,0.0,0.0,0,0,0,0,0,0,0,0,0,0,0,0,0,0,0,0,0,0,0,0,0,0,0,0,0,0,0,0,0,0,0,0,0,0,0,0,0,0,0,0,0,0,0,0,0,0
129,20162017,P,2016030322,2017-05-14,NSH,ANA,4v5,2.533333333333333,0,1,0,0,0.0,0.22705227509140968,0,2,0,0,0,3,0,0,0,0,0,0,0,1,0,0,0,0,0,0,1,0,0,0,0,2,0,2,0,0,0,0,0,0,0,0,0,0,0,0,0,0,0,0,0,0
130,20162017,P,2016030322,2017-05-14,NSH,ANA,5v4,6.0,1,0,1,0,0.27976610139012337,0.03528643399477005,3,1,1,0,4,1,1,0,0,0,0,0,1,0,0,0,0,0,1,2,2,0,2,0,1,4,0,1,1,0,0,3,0,0,0,0,0,0,0,0,0,0,0,0,0,0
131,20162017,P,2016030322,2017-05-14,NSH,ANA,5v5,49.266666666666666,2,3,1,2,3.3897822271101177,1.7542401344981045,29,23,8,5,44,32,10,8,0,0,9,12,15,9,2,3,0,19,19,10,8,22,16,20,29,24,11,5,8,7,10,12,0,2,0,0,0,0,2,0,0,0,0,0,0,0
132,20162017,P,2016030322,2017-05-14,NSH,ANA,Ev5,2.2,0,1,0,0,0.10101348906755447,1.0236120223999023,1,1,0,0,1,2,0,0,0,0,1,0,0,1,0,0,0,0,0,0,0,2,0,0,1,4,1,0,0,0,0,4,0,0,0,0,0,0,1,0,0,0,0,0,0,0
133,20162017,P,2016030322,2017-05-14,NSH,ANA,EvE,0.0,0,0,0,0,0.0,0.0,0,0,0,0,0,0,0,0,0,0,0,0,0,0,0,0,0,0,0,0,0,0,0,0,0,0,0,0,0,0,0,0,0,0,0,0,0,0,0,0,0,0,0,0,0,0
134,20162017,P,2016030323,2017-05-16,ANA,NSH,4v5,7.2,0,1,0,0,0.0,0.6932660927996039,0,7,0,0,0,10,0,0,0,0,0,5,0,3,0,0,0,1,1,1,0,0,0,6,3,3,0,2,0,1,3,0,0,0,0,0,0,0,0,0,0,0,0,0,0,0
135,20162017,P,2016030323,2017-05-16,ANA,NSH,5v4,3.466666666666667,1,0,0,0,0.54492611810565,0.0,4,0,1,0,7,0,1,0,0,0,1,0,3,0,0,0,0,0,1,0,0,2,0,0,1,1,1,0,0,0,0,1,0,0,0,0,0,0,0,0,0,0,0,0,0,0
136,20162017,P,2016030323,2017-05-16,ANA,NSH,5v5,47.9,0,1,0,0,0.8395894421264529,2.80028474109713,16,33,1,6,24,43,3,6,0,0,6,15,8,10,2,0,0,23,30,12,5,10,10,28,24,31,5,9,5,9,14,13,0,4,0,1,0,0,2,0,1,1,0,0,0,0
137,20162017,P,2016030323,2017-05-16,ANA,NSH,Ev5,1.3666666666666667,0,0,0,0,0.0,0.0,0,0,0,0,0,0,0,0,0,0,0,2,0,0,0,0,0,0,0,0,0,0,0,0,0,0,0,0,0,0,0,0,0,0,0,0,0,0,0,0,0,0,0,0,0,0
138,20162017,P,2016030323,2017-05-16,ANA,NSH,EvE,0.0,0,0,0,0,0.0,0.0,0,0,0,0,0,0,0,0,0,0,0,0,0,0,0,0,0,0,0,0,0,0,0,0,0,0,0,0,0,0,0,0,0,0,0,0,0,0,0,0,0,0,0,0,0,0
139,20162017,P,2016030323,2017-05-16,NSH,ANA,4v5,3.466666666666667,0,1,0,0,0.0,0.54492611810565,0,4,0,1,0,7,0,1,0,0,0,1,0,3,0,0,0,1,0,0,1,0,0,2,1,1,0,1,0,0,1,0,0,0,0,0,0,0,0,0,0,0,0,0,0,0
140,20162017,P,2016030323,2017-05-16,NSH,ANA,5v4,7.2,1,0,0,0,0.6932660927996039,0.0,7,0,0,0,10,0,0,0,0,0,5,0,3,0,0,0,0,1,1,1,1,4,2,0,3,3,2,0,1,0,0,3,0,0,0,0,0,0,0,0,0,0,0,0,0,0
141,20162017,P,2016030323,2017-05-16,NSH,ANA,5v5,47.9,1,0,0,0,2.80028474109713,0.8395894421264529,33,16,6,1,43,24,6,3,0,0,15,6,10,8,0,2,0,30,23,9,5,18,18,26,31,24,9,5,9,5,13,14,0,2,0,1,1,0,4,0,1,0,0,0,0,0
142,20162017,P,2016030323,2017-05-16,NSH,ANA,5vE,1.3666666666666667,0,0,0,0,0.0,0.0,0,0,0,0,0,0,0,0,0,0,2,0,0,0,0,0,0,0,0,0,0,0,0,0,0,0,0,0,0,0,0,0,0,0,0,0,0,0,0,0,0,0,0,0,0,0
143,20162017,P,2016030323,2017-05-16,NSH,ANA,EvE,0.0,0,0,0,0,0.0,0.0,0,0,0,0,0,0,0,0,0,0,0,0,0,0,0,0,0,0,0,0,0,0,0,0,0,0,0,0,0,0,0,0,0,0,0,0,0,0,0,0,0,0,0,0,0,0
144,20162017,P,2016030324,2017-05-18,ANA,NSH,3v5,1.5166666666666666,0,0,0,0,0.0,0.24334736913442612,0,0,0,0,0,2,0,0,0,0,0,0,0,2,0,0,0,0,0,0,0,0,0,2,1,0,0,0,0,0,1,0,0,0,0,0,0,0,0,0,0,0,0,0,0,0
145,20162017,P,2016030324,2017-05-18,ANA,NSH,4v4,0.3,0,0,0,0,0.0,0.0,0,0,0,0,0,0,0,0,0,0,0,0,0,0,0,0,0,0,0,0,0,0,0,0,0,1,0,1,0,0,0,0,0,0,0,0,0,0,0,0,0,0,0,0,0,0
146,20162017,P,2016030324,2017-05-18,ANA,NSH,4v5,6.666666666666667,0,0,0,0,0.0,0.9264428839087486,0,5,0,2,0,9,0,4,0,0,0,3,0,4,0,2,0,1,0,0,0,0,2,8,5,2,0,1,1,1,4,0,0,1,0,0,0,0,0,0,0,0,0,0,0,0
147,20162017,P,2016030324,2017-05-18,ANA,NSH,5v4,3.7,0,0,0,0,0.37375627271831036,0.0,4,0,1,0,4,0,1,0,0,0,2,0,0,0,0,0,0,0,0,0,1,4,2,0,3,1,2,0,1,0,0,1,0,1,0,0,0,0,0,0,0,0,0,0,0,0
148,20162017,P,2016030324,2017-05-18,ANA,NSH,5v5,56.983333333333334,3,1,1,0,2.67692299047485,2.0296386484988034,33,27,8,2,39,41,11,7,0,0,17,16,6,14,3,5,0,29,30,12,11,20,22,18,30,30,10,7,11,9,9,14,0,2,0,0,0,0,2,0,0,0,0,0,0,0
149,20162017,P,2016030324,2017-05-18,ANA,NSH,5vE,1.25,0,1,0,0,0.0,0.2305120751261711,0,2,0,1,0,2,0,1,0,0,0,1,0,0,0,0,0,0,0,0,0,0,0,2,1,1,0,1,0,0,1,0,0,1,0,0,0,0,0,0,0,0,0,0,0,0
150,20162017,P,2016030324,2017-05-18,NSH,ANA,4v4,0.3,0,0,0,0,0.0,0.0,0,0,0,0,0,0,0,0,0,0,0,0,0,0,0,0,0,0,0,0,0,2,0,0,1,0,1,0,0,0,0,0,0,0,0,0,0,0,0,0,0,0,0,0,0,0
151,20162017,P,2016030324,2017-05-18,NSH,ANA,4v5,3.7,0,0,0,0,0.0,0.37375627271831036,0,4,0,1,0,4,0,1,0,0,0,2,0,0,0,0,0,0,0,2,1,0,0,2,1,3,0,2,0,1,1,0,0,0,0,0,0,0,1,0,0,0,0,0,0,0
152,20162017,P,2016030324,2017-05-18,NSH,ANA,5v3,1.5166666666666666,0,0,0,0,0.24334736913442612,0.0,0,0,0,0,2,0,0,0,0,0,0,0,2,0,0,0,0,0,0,0,0,0,0,0,0,1,0,0,0,0,0,1,0,0,0,0,0,0,0,0,0,0,0,0,0,0
153,20162017,P,2016030324,2017-05-18,NSH,ANA,5v4,6.666666666666667,0,0,0,0,0.9264428839087486,0.0,5,0,2,0,9,0,4,0,0,0,3,0,4,0,2,0,0,0,1,1,1,2,2,0,2,5,1,0,1,1,0,4,0,0,0,0,0,0,1,0,0,0,0,0,0,0
154,20162017,P,2016030324,2017-05-18,NSH,ANA,5v5,56.983333333333334,1,3,0,1,2.0296386484988034,2.67692299047485,27,33,2,8,41,39,7,11,0,0,16,17,14,6,5,3,0,30,29,7,4,14,18,28,30,30,7,10,9,11,14,9,0,2,0,0,0,0,2,0,0,0,0,0,0,0
155,20162017,P,2016030324,2017-05-18,NSH,ANA,Ev5,1.25,1,0,0,0,0.2305120751261711,0.0,2,0,1,0,2,0,1,0,0,0,1,0,0,0,0,0,0,0,0,0,0,2,0,0,1,1,1,0,0,0,0,1,0,0,0,0,0,0,1,0,0,0,0,0,0,0
156,20162017,P,2016030325,2017-05-20,ANA,NSH,4v4,2.1666666666666665,0,0,0,0,0.10516361892223358,0.08042158931493759,1,1,1,0,1,3,1,0,0,0,0,1,0,2,0,0,0,2,1,1,1,0,0,4,2,2,0,1,0,1,2,0,0,0,0,0,0,0,0,0,0,0,0,0,0,0
157,20162017,P,2016030325,2017-05-20,ANA,NSH,4v5,3.816666666666667,0,1,0,1,0.0,0.5015735551714897,0,3,0,1,0,6,0,1,0,0,1,3,0,3,0,0,0,1,1,0,2,0,4,2,3,0,0,0,2,0,1,0,0,0,0,0,0,0,0,0,0,0,0,0,0,0
158,20162017,P,2016030325,2017-05-20,ANA,NSH,5v4,6.0,0,0,0,0,1.059339014813304,0.09517562098335475,7,2,1,0,14,2,3,0,0,0,4,0,7,0,2,0,0,0,3,0,0,6,0,0,3,1,3,0,0,0,0,1,0,0,0,0,0,0,0,0,0,0,0,0,0,0
159,20162017,P,2016030325,2017-05-20,ANA,NSH,5v5,46.86666666666667,1,1,1,1,2.3139995159581304,1.8376976139843464,24,22,4,2,35,36,4,5,0,0,10,14,11,14,0,3,0,29,19,13,3,18,22,6,23,22,9,7,11,8,3,7,0,2,0,0,0,0,4,0,0,0,0,0,0,0
160,20162017,P,2016030325,2017-05-20,ANA,NSH,5vE,0.13333333333333333,0,0,0,0,0.0,0.0,0,0,0,0,0,0,0,0,0,0,0,0,0,0,0,0,0,0,0,0,0,0,0,0,0,0,0,0,0,0,0,0,0,1,0,0,0,0,0,0,0,0,0,0,0,0
161,20162017,P,2016030325,2017-05-20,ANA,NSH,Ev4,0.18333333333333332,0,0,0,0,0.0,0.0,0,0,0,0,0,0,0,0,0,0,0,0,0,0,0,0,0,0,0,0,0,0,0,0,0,1,0,0,0,0,0,1,0,1,0,0,1,0,0,0,0,1,0,0,0,0
162,20162017,P,2016030325,2017-05-20,ANA,NSH,Ev5,0.8333333333333334,0,1,0,0,0.02161826752126217,0.6744989156723022,1,1,0,0,1,1,0,0,0,0,0,0,0,0,0,0,0,0,1,1,0,0,0,0,0,1,0,0,0,0,0,1,0,0,0,0,0,0,1,0,0,0,0,0,0,0
163,20162017,P,2016030325,2017-05-20,NSH,ANA,4v4,2.1666666666666665,0,0,0,0,0.08042158931493759,0.10516361892223358,1,1,0,1,3,1,0,1,0,0,1,0,2,0,0,0,0,1,2,0,0,2,2,0,2,2,1,0,1,0,0,2,0,0,0,0,0,0,0,0,0,0,0,0,0,0
164,20162017,P,2016030325,2017-05-20,NSH,ANA,4v5,6.0,0,0,0,0,0.09517562098335475,1.059339014813304,2,7,0,1,2,14,0,3,0,0,0,4,0,7,0,2,0,3,0,1,0,0,0,2,1,3,0,3,0,0,1,0,0,0,0,0,0,0,0,0,0,0,0,0,0,0
165,20162017,P,2016030325,2017-05-20,NSH,ANA,4vE,0.18333333333333332,0,0,0,0,0.0,0.0,0,0,0,0,0,0,0,0,0,0,0,0,0,0,0,0,0,0,0,0,0,0,0,2,1,0,0,0,0,0,1,0,0,0,0,0,1,0,1,0,0,1,0,0,0,0
166,20162017,P,2016030325,2017-05-20,NSH,ANA,5v4,3.816666666666667,1,0,1,0,0.5015735551714897,0.0,3,0,1,0,6,0,1,0,0,0,3,1,3,0,0,0,0,1,1,1,0,0,0,0,0,3,0,0,0,2,0,1,0,0,0,0,0,0,0,0,0,0,0,0,0,0
167,20162017,P,2016030325,2017-05-20,NSH,ANA,5v5,46.86666666666667,1,1,1,1,1.8376976139843464,2.3139995159581304,22,24,2,4,36,35,5,4,0,0,14,10,14,11,3,0,0,19,29,11,7,14,16,14,22,23,7,9,8,11,7,3,0,4,0,0,0,0,2,0,0,0,0,0,0,0
168,20162017,P,2016030325,2017-05-20,NSH,ANA,5vE,0.8333333333333334,1,0,0,0,0.6744989156723022,0.02161826752126217,1,1,0,0,1,1,0,0,0,0,0,0,0,0,0,0,0,1,0,0,0,0,0,2,1,0,0,0,0,0,1,0,0,1,0,0,0,0,0,0,0,0,0,0,0,0
169,20162017,P,2016030325,2017-05-20,NSH,ANA,Ev5,0.13333333333333333,0,0,0,0,0.0,0.0,0,0,0,0,0,0,0,0,0,0,0,0,0,0,0,0,0,0,0,0,0,0,0,0,0,0,0,0,0,0,0,0,0,0,0,0,0,0,1,0,0,0,0,0,0,0
170,20162017,P,2016030326,2017-05-22,ANA,NSH,4v4,1.5833333333333333,0,0,0,0,0.03248154744505882,0.0,1,0,0,0,1,0,0,0,0,0,0,0,0,0,0,0,0,2,0,0,1,0,0,2,1,1,0,1,0,0,1,0,0,0,0,0,0,0,0,0,0,0,0,0,0,0
171,20162017,P,2016030326,2017-05-22,ANA,NSH,4v5,5.533333333333333,0,0,0,0,0.3604856878519058,0.05780930817127228,2,0,1,0,2,1,1,0,0,0,0,0,0,1,0,0,0,3,0,0,0,0,0,6,3,2,0,0,0,1,3,1,0,0,0,0,0,0,0,0,0,0,0,0,0,0
172,20162017,P,2016030326,2017-05-22,ANA,NSH,5v4,6.416666666666667,0,0,0,0,0.3372109979391098,0.0,3,0,0,0,6,0,0,0,0,0,3,0,3,0,0,0,0,1,0,1,1,12,4,0,8,3,6,0,2,0,0,3,0,1,0,0,0,0,0,0,0,0,0,0,0,0
173,20162017,P,2016030326,2017-05-22,ANA,NSH,5v5,45.53333333333333,3,4,2,1,3.14404143858701,2.0268672751262784,35,16,8,5,42,23,8,6,0,0,19,9,7,7,0,1,0,15,17,10,5,22,24,16,31,20,11,6,12,5,8,9,0,1,0,1,2,0,3,0,0,0,0,0,0,0
174,20162017,P,2016030326,2017-05-22,ANA,NSH,Ev5,0.9333333333333333,0,2,0,0,0.0,1.1690178513526917,0,2,0,0,0,2,0,0,0,0,0,0,0,0,0,0,0,0,0,0,0,0,0,0,0,0,0,0,0,0,0,0,0,0,0,0,0,0,1,0,0,0,0,0,0,0
175,20162017,P,2016030326,2017-05-22,NSH,ANA,4v4,1.5833333333333333,0,0,0,0,0.0,0.03248154744505882,0,1,0,0,0,1,0,0,0,0,0,0,0,0,0,0,0,0,2,0,2,2,0,0,1,1,1,0,0,0,0,1,0,0,0,0,0,0,0,0,0,0,0,0,0,0
176,20162017,P,2016030326,2017-05-22,NSH,ANA,4v5,6.416666666666667,0,0,0,0,0.0,0.3372109979391098,0,3,0,0,0,6,0,0,0,0,0,3,0,3,0,0,0,0,1,0,4,0,0,6,3,8,0,6,0,2,3,0,0,0,0,0,0,0,1,0,0,0,0,0,0,0
177,20162017,P,2016030326,2017-05-22,NSH,ANA,5v4,5.533333333333333,0,0,0,0,0.05780930817127228,0.3604856878519058,0,2,0,1,1,2,0,1,0,0,0,0,1,0,0,0,0,0,3,4,0,0,2,2,2,3,0,0,1,0,1,3,0,0,0,0,0,0,0,0,0,0,0,0,0,0
178,20162017,P,2016030326,2017-05-22,NSH,ANA,5v5,45.53333333333333,4,3,1,2,2.0268672751262784,3.14404143858701,16,35,5,8,23,42,6,8,0,0,9,19,7,7,1,0,0,17,15,11,7,12,10,18,20,31,6,11,5,12,9,8,0,3,0,0,0,0,1,0,1,2,0,0,0,0
179,20162017,P,2016030326,2017-05-22,NSH,ANA,5vE,0.9333333333333333,2,0,0,0,1.1690178513526917,0.0,2,0,0,0,2,0,0,0,0,0,0,0,0,0,0,0,0,0,0,0,2,0,0,0,0,0,0,0,0,0,0,0,0,1,0,0,0,0,0,0,0,0,0,0,0,0
180,20162017,P,2016030411,2017-05-29,NSH,PIT,3v5,1.7,0,1,0,0,0.0,0.09957350045442581,0,1,0,0,0,1,0,0,0,0,0,0,0,0,0,0,0,0,1,0,1,0,0,2,1,0,0,0,0,0,1,0,0,0,0,0,0,0,0,0,0,0,0,0,0,0
181,20162017,P,2016030411,2017-05-29,NSH,PIT,4v5,2.3,0,0,0,0,0.0,0.0,0,0,0,0,0,0,0,0,0,0,0,0,0,0,0,0,0,0,0,0,0,0,0,0,0,2,0,1,0,1,0,0,0,0,0,0,0,0,0,0,0,0,0,0,0,0
182,20162017,P,2016030411,2017-05-29,NSH,PIT,5v4,4.2,2,0,1,0,0.4164975993335247,0.0,4,0,1,0,6,0,1,0,0,0,0,0,2,0,0,0,0,0,1,0,0,4,0,0,2,1,2,0,0,0,0,1,0,0,0,0,0,0,0,0,0,0,0,0,0,0
183,20162017,P,2016030411,2017-05-29,NSH,PIT,5v5,50.2,1,3,1,0,1.5359011255204678,0.9872531765140593,21,10,2,1,29,12,4,1,0,0,7,14,8,2,2,0,0,35,29,4,7,14,20,8,21,29,7,4,10,16,4,9,0,1,0,0,0,0,3,0,0,0,0,0,0,0
184,20162017,P,2016030411,2017-05-29,NSH,PIT,5vE,0.23333333333333334,0,0,0,0,0.0,0.0,0,0,0,0,0,0,0,0,0,0,0,0,0,0,0,0,0,1,0,0,0,0,0,0,0,0,0,0,0,0,0,0,0,2,0,0,0,0,0,0,0,0,0,0,0,0
185,20162017,P,2016030411,2017-05-29,NSH,PIT,Ev5,1.2,0,1,0,0,0.027210979722440243,0.50253826379776,1,1,0,0,2,1,0,0,0,0,2,0,1,0,0,0,0,1,0,0,0,0,0,0,0,1,0,0,0,0,0,1,0,0,0,0,0,0,0,0,0,0,0,0,0,0
186,20162017,P,2016030411,2017-05-29,NSH,PIT,EvE,0.0,0,0,0,0,0.0,0.0,0,0,0,0,0,0,0,0,0,0,0,0,0,0,0,0,0,0,0,0,0,0,0,0,0,0,0,0,0,0,0,0,0,0,0,0,0,0,0,0,0,0,0,0,0,0
187,20162017,P,2016030411,2017-05-29,PIT,NSH,4v5,4.2,0,2,0,1,0.0,0.4164975993335247,0,4,0,1,0,6,0,1,0,0,0,0,0,2,0,0,0,1,0,0,1,0,0,2,1,2,0,2,0,0,1,0,0,0,0,0,0,0,0,0,0,0,0,0,0,0
188,20162017,P,2016030411,2017-05-29,PIT,NSH,5v3,1.7,1,0,0,0,0.09957350045442581,0.0,1,0,0,0,1,0,0,0,0,0,0,0,0,0,0,0,0,1,0,0,0,0,0,0,0,1,0,0,0,0,0,1,0,0,0,0,0,0,0,0,0,0,0,0,0,0
189,20162017,P,2016030411,2017-05-29,PIT,NSH,5v4,2.3,0,0,0,0,0.0,0.0,0,0,0,0,0,0,0,0,0,0,0,0,0,0,0,0,0,0,0,1,0,2,2,0,2,0,1,0,1,0,0,0,0,0,0,0,0,0,0,0,0,0,0,0,0,0
190,20162017,P,2016030411,2017-05-29,PIT,NSH,5v5,50.2,3,1,0,1,0.9872531765140593,1.5359011255204678,10,21,1,2,12,29,1,4,0,0,14,7,2,8,0,2,0,29,35,6,4,8,32,18,29,21,4,7,16,10,9,4,0,3,0,0,0,0,1,0,0,0,0,0,0,0
191,20162017,P,2016030411,2017-05-29,PIT,NSH,5vE,1.2,1,0,0,0,0.50253826379776,0.027210979722440243,1,1,0,0,1,2,0,0,0,0,0,2,0,1,0,0,0,0,1,0,0,0,0,2,1,0,0,0,0,0,1,0,0,0,0,0,0,0,0,0,0,0,0,0,0,0
192,20162017,P,2016030411,2017-05-29,PIT,NSH,Ev5,0.23333333333333334,0,0,0,0,0.0,0.0,0,0,0,0,0,0,0,0,0,0,0,0,0,0,0,0,0,0,1,0,0,0,0,0,0,0,0,0,0,0,0,0,0,0,0,0,0,0,2,0,0,0,0,0,0,0
193,20162017,P,2016030411,2017-05-29,PIT,NSH,EvE,0.0,0,0,0,0,0.0,0.0,0,0,0,0,0,0,0,0,0,0,0,0,0,0,0,0,0,0,0,0,0,0,0,0,0,0,0,0,0,0,0,0,0,0,0,0,0,0,0,0,0,0,0,0,0,0
194,20162017,P,2016030412,2017-05-31,NSH,PIT,4v3,1.0333333333333334,0,0,0,0,0.16746606677770615,0.0,1,0,0,0,2,0,0,0,0,0,1,0,1,0,0,0,0,0,0,0,0,0,0,2,1,0,0,0,0,0,1,0,0,0,0,0,0,0,0,0,0,0,0,0,0,0
195,20162017,P,2016030412,2017-05-31,NSH,PIT,4v4,1.5166666666666666,0,0,0,0,0.08080457150936127,0.0,1,0,0,0,1,0,0,0,0,0,1,0,0,0,0,0,0,0,1,0,0,2,0,0,1,0,1,0,0,0,0,0,0,0,0,0,0,0,0,0,0,0,0,0,0,0
196,20162017,P,2016030412,2017-05-31,NSH,PIT,4v5,11.433333333333334,0,0,0,0,0.03507388290017843,0.16199768893420696,2,2,0,0,2,3,0,0,0,0,2,4,0,1,0,0,0,3,1,1,2,2,2,10,7,3,1,3,1,0,5,0,0,0,0,0,0,0,1,0,0,0,0,0,0,0
197,20162017,P,2016030412,2017-05-31,NSH,PIT,5v3,0.9666666666666667,0,0,0,0,0.2560480013489723,0.0,1,0,0,0,2,0,0,0,0,0,1,0,1,0,0,0,0,0,0,0,0,0,0,0,0,2,0,0,0,0,0,2,0,1,0,0,0,0,0,0,0,0,0,0,0,0
198,20162017,P,2016030412,2017-05-31,NSH,PIT,5v4,4.0,0,0,0,0,0.0,0.0,0,0,0,0,0,0,0,0,0,0,4,0,0,0,0,0,0,0,1,1,0,2,0,0,1,3,1,0,0,0,0,3,0,0,0,0,0,0,0,0,0,0,0,0,0,0
199,20162017,P,2016030412,2017-05-31,NSH,PIT,5v5,40.53333333333333,1,4,1,1,2.041011036839336,1.2560748420655727,33,25,8,4,44,30,8,4,0,0,11,4,11,5,0,0,0,38,32,2,3,28,20,20,34,25,14,8,10,7,10,10,0,5,0,1,0,0,4,0,1,0,0,0,0,0
200,20162017,P,2016030412,2017-05-31,NSH,PIT,5vE,0.5166666666666667,0,0,0,0,0.0,0.0,0,0,0,0,0,0,0,0,0,0,0,0,0,0,0,0,0,0,0,0,0,0,0,0,0,0,0,0,0,0,0,0,0,1,0,0,0,0,0,0,0,0,0,0,0,0
201,20162017,P,2016030412,2017-05-31,PIT,NSH,3v4,1.0333333333333334,0,0,0,0,0.0,0.16746606677770615,0,1,0,0,0,2,0,0,0,0,0,1,0,1,0,0,0,0,0,0,0,0,0,0,0,1,0,0,0,0,0,1,0,0,0,0,0,0,0,0,0,0,0,0,0,0
202,20162017,P,2016030412,2017-05-31,PIT,NSH,3v5,0.9666666666666667,0,0,0,0,0.0,0.2560480013489723,0,1,0,0,0,2,0,0,0,0,0,1,0,1,0,0,0,0,0,0,0,0,0,4,2,0,0,0,0,0,2,0,0,0,0,0,0,0,1,0,0,0,0,0,0,0
203,20162017,P,2016030412,2017-05-31,PIT,NSH,4v4,1.5166666666666666,0,0,0,0,0.0,0.08080457150936127,0,1,0,0,0,1,0,0,0,0,0,1,0,0,0,0,0,1,0,0,0,0,0,0,0,1,0,1,0,0,0,0,0,0,0,0,0,0,0,0,0,0,0,0,0,0
204,20162017,P,2016030412,2017-05-31,PIT,NSH,4v5,4.0,0,0,0,0,0.0,0.0,0,0,0,0,0,0,0,0,0,0,0,4,0,0,0,0,0,1,0,1,1,0,0,6,3,1,0,1,0,0,3,0,0,0,0,0,0,0,0,0,0,0,0,0,0,0
205,20162017,P,2016030412,2017-05-31,PIT,NSH,5v4,11.433333333333334,0,0,0,0,0.16199768893420696,0.03507388290017843,2,2,0,0,3,2,0,0,0,0,4,2,1,0,0,0,0,1,3,1,2,6,0,0,3,7,3,1,0,1,0,5,0,1,0,0,0,0,0,0,0,0,0,0,0,0
206,20162017,P,2016030412,2017-05-31,PIT,NSH,5v5,40.53333333333333,4,1,1,1,1.2560748420655727,2.041011036839336,25,33,4,8,30,44,4,8,0,0,4,11,5,11,0,0,0,32,38,1,5,16,14,20,25,34,8,14,7,10,10,10,0,4,0,1,0,0,5,0,1,0,0,0,0,0
207,20162017,P,2016030412,2017-05-31,PIT,NSH,Ev5,0.5166666666666667,0,0,0,0,0.0,0.0,0,0,0,0,0,0,0,0,0,0,0,0,0,0,0,0,0,0,0,0,0,0,0,0,0,0,0,0,0,0,0,0,0,0,0,0,0,0,1,0,0,0,0,0,0,0
208,20162017,P,2016030413,2017-06-03,NSH,PIT,4v4,2.0,0,0,0,0,0.0,0.20527653209865093,0,2,0,1,0,2,0,1,0,0,0,0,0,0,0,0,0,1,0,0,0,0,2,0,1,1,0,0,1,1,0,0,0,0,0,0,0,0,0,0,0,0,0,0,0,0
209,20162017,P,2016030413,2017-06-03,NSH,PIT,4v5,6.0,0,0,0,0,0.3064497805899009,0.18467110395431519,5,1,1,1,5,2,1,1,0,0,0,1,0,1,0,0,0,3,0,0,0,2,4,2,4,4,1,3,2,0,1,1,0,0,0,0,0,0,0,0,0,0,0,0,0,0
210,20162017,P,2016030413,2017-06-03,NSH,PIT,5v4,4.083333333333333,2,0,0,0,0.20691902190446854,0.01461415272206068,2,1,0,0,2,1,0,0,0,0,1,0,0,0,0,0,0,0,1,0,0,2,0,0,1,3,1,1,0,0,0,2,0,0,0,0,0,0,0,0,0,0,0,0,0,0
211,20162017,P,2016030413,2017-06-03,NSH,PIT,5v5,47.333333333333336,3,1,1,1,2.2984566995874047,1.8655230547301471,26,24,6,5,33,34,7,5,0,0,18,11,7,10,1,0,0,29,25,10,10,16,22,14,26,28,8,5,11,6,7,17,0,7,0,0,2,0,6,0,0,3,0,0,0,0
212,20162017,P,2016030413,2017-06-03,NSH,PIT,Ev5,0.5833333333333334,0,0,0,0,0.0,0.0,0,0,0,0,0,0,0,0,0,0,1,0,0,0,0,0,0,0,0,0,0,0,0,0,0,0,0,0,0,0,0,0,0,0,0,0,0,0,1,0,0,0,0,0,0,0
213,20162017,P,2016030413,2017-06-03,PIT,NSH,4v4,2.0,0,0,0,0,0.20527653209865093,0.0,2,0,1,0,2,0,1,0,0,0,0,0,0,0,0,0,0,0,1,0,0,0,2,0,1,1,0,0,1,1,0,0,0,0,0,0,0,0,0,0,0,0,0,0,0,0
214,20162017,P,2016030413,2017-06-03,PIT,NSH,4v5,4.083333333333333,0,2,0,0,0.01461415272206068,0.20691902190446854,1,2,0,0,1,2,0,0,0,0,0,1,0,0,0,0,0,1,0,0,0,2,0,4,3,1,1,1,0,0,2,0,0,0,0,0,0,0,0,0,0,0,0,0,0,0
215,20162017,P,2016030413,2017-06-03,PIT,NSH,5v4,6.0,0,0,0,0,0.18467110395431519,0.3064497805899009,1,5,1,1,2,5,1,1,0,0,1,0,1,0,0,0,0,0,3,0,0,6,0,2,4,4,3,1,0,2,1,1,0,0,0,0,0,0,0,0,0,0,0,0,0,0
216,20162017,P,2016030413,2017-06-03,PIT,NSH,5v5,47.333333333333336,1,3,1,1,1.8655230547301471,2.2984566995874047,24,26,5,6,34,33,5,7,0,0,11,18,10,7,0,1,0,25,29,12,4,10,12,34,28,26,5,8,6,11,17,7,0,6,0,0,3,0,7,0,0,2,0,0,0,0
217,20162017,P,2016030413,2017-06-03,PIT,NSH,5vE,0.5833333333333334,0,0,0,0,0.0,0.0,0,0,0,0,0,0,0,0,0,0,0,1,0,0,0,0,0,0,0,0,0,0,0,0,0,0,0,0,0,0,0,0,0,1,0,0,0,0,0,0,0,0,0,0,0,0
218,20162017,P,2016030414,2017-06-05,NSH,PIT,3v5,0.4166666666666667,0,0,0,0,0.0,0.09962308406829834,0,0,0,0,0,1,0,0,0,0,0,0,0,1,0,0,0,0,0,0,0,0,0,2,1,0,0,0,0,0,1,0,0,0,0,0,0,0,0,0,0,0,0,0,0,0
219,20162017,P,2016030414,2017-06-05,NSH,PIT,4v5,3.1,0,0,0,0,0.0,0.8156910259276628,0,3,0,1,0,8,0,3,0,0,0,1,0,5,0,2,0,0,0,0,0,0,2,0,1,3,0,3,1,0,0,0,0,0,0,0,0,0,0,0,0,0,0,0,0,0
220,20162017,P,2016030414,2017-06-05,NSH,PIT,4vE,0.13333333333333333,0,0,0,0,0.0,0.0,0,0,0,0,0,0,0,0,0,0,0,0,0,0,0,0,0,0,0,0,0,0,0,0,0,0,0,0,0,0,0,0,0,1,0,0,0,0,0,0,0,0,0,0,0,0
221,20162017,P,2016030414,2017-06-05,NSH,PIT,5v4,4.0,0,0,0,0,0.11100204288959503,0.0015313471667468548,0,0,0,0,1,1,0,0,0,0,1,0,1,1,0,0,0,0,2,0,0,2,0,0,1,4,1,0,0,2,0,2,0,0,0,0,0,0,0,0,0,0,0,0,0,0
222,20162017,P,2016030414,2017-06-05,NSH,PIT,5v5,52.21666666666667,3,1,3,1,2.8987197384703904,2.748146235011518,25,21,7,9,30,32,8,12,0,0,17,14,5,11,1,3,0,28,30,12,8,26,10,14,25,30,13,12,5,9,7,9,0,3,0,0,0,0,3,0,0,0,0,0,0,0
223,20162017,P,2016030414,2017-06-05,NSH,PIT,5vE,0.13333333333333333,1,0,0,0,0.3963809311389923,0.0,1,0,0,0,1,0,0,0,0,0,0,0,0,0,0,0,0,0,0,0,0,0,0,2,1,0,0,0,0,0,1,0,0,0,0,0,0,0,0,0,0,0,0,0,0,0
224,20162017,P,2016030414,2017-06-05,PIT,NSH,4v5,4.0,0,0,0,0,0.0015313471667468548,0.11100204288959503,0,0,0,0,1,1,0,0,0,0,0,1,1,1,0,0,0,2,0,1,0,0,4,4,4,1,0,1,2,0,2,0,0,0,0,0,0,0,0,0,0,0,0,0,0,0
225,20162017,P,2016030414,2017-06-05,PIT,NSH,5v3,0.4166666666666667,0,0,0,0,0.09962308406829834,0.0,0,0,0,0,1,0,0,0,0,0,0,0,1,0,0,0,0,0,0,0,0,0,0,0,0,1,0,0,0,0,0,1,0,0,0,0,0,0,0,0,0,0,0,0,0,0
226,20162017,P,2016030414,2017-06-05,PIT,NSH,5v4,3.1,0,0,0,0,0.8156910259276628,0.0,3,0,1,0,8,0,3,0,0,0,1,0,5,0,2,0,0,0,0,0,0,6,0,0,3,1,3,0,0,1,0,0,0,0,0,0,0,0,0,0,0,0,0,0,0,0
227,20162017,P,2016030414,2017-06-05,PIT,NSH,5v5,52.21666666666667,1,3,1,3,2.748146235011518,2.8987197384703904,21,25,9,7,32,30,12,8,0,0,14,17,11,5,3,1,0,30,28,15,5,24,18,18,30,25,12,13,9,5,9,7,0,3,0,0,0,0,3,0,0,0,0,0,0,0
228,20162017,P,2016030414,2017-06-05,PIT,NSH,Ev4,0.13333333333333333,0,0,0,0,0.0,0.0,0,0,0,0,0,0,0,0,0,0,0,0,0,0,0,0,0,0,0,0,0,0,0,0,0,0,0,0,0,0,0,0,0,0,0,0,0,0,1,0,0,0,0,0,0,0
229,20162017,P,2016030414,2017-06-05,PIT,NSH,Ev5,0.13333333333333333,0,1,0,0,0.0,0.3963809311389923,0,1,0,0,0,1,0,0,0,0,0,0,0,0,0,0,0,0,0,0,0,0,0,0,0,1,0,0,0,0,0,1,0,0,0,0,0,0,0,0,0,0,0,0,0,0
230,20162017,P,2016030415,2017-06-08,NSH,PIT,3v5,0.8666666666666667,0,0,0,0,0.0,0.18800951540470123,0,1,0,0,0,1,0,0,0,0,0,0,0,0,0,0,0,0,0,0,0,0,0,0,0,1,0,1,0,0,0,0,0,0,0,0,0,0,0,0,0,0,0,0,0,0
231,20162017,P,2016030415,2017-06-08,NSH,PIT,4v4,2.0,0,1,0,0,0.07623182237148285,0.12723778188228607,2,1,0,0,2,1,0,0,0,0,1,0,0,0,0,0,0,0,0,0,0,2,4,0,3,0,1,0,2,0,0,0,0,0,0,0,0,0,0,0,0,0,0,0,0,0
232,20162017,P,2016030415,2017-06-08,NSH,PIT,4v5,7.516666666666667,0,1,0,0,0.10797080269549042,0.2664345037192106,3,4,0,0,4,5,0,0,0,0,0,0,1,1,0,0,0,3,0,0,0,2,2,6,5,2,1,1,1,0,3,1,0,1,0,0,0,0,0,0,0,0,0,0,0,0
233,20162017,P,2016030415,2017-06-08,NSH,PIT,5v4,4.0,0,0,0,0,0.3559623956680298,0.0,4,0,0,0,4,0,0,0,0,0,2,0,0,0,0,0,0,0,1,0,0,2,0,0,1,2,1,0,0,1,0,1,0,0,0,0,0,0,0,0,0,0,0,0,0,0
234,20162017,P,2016030415,2017-06-08,NSH,PIT,5v5,45.45,0,4,0,3,1.1279913559556007,1.6968565850984305,15,18,3,8,24,23,3,8,0,0,13,6,9,5,0,0,0,38,36,1,6,8,18,12,19,22,4,5,9,8,6,9,0,4,0,2,3,0,4,0,2,2,0,0,0,0
235,20162017,P,2016030415,2017-06-08,NSH,PIT,5vE,0.16666666666666666,0,0,0,0,0.0,0.0,0,0,0,0,0,0,0,0,0,0,0,1,0,0,0,0,0,0,0,0,0,0,0,0,0,0,0,0,0,0,0,0,0,1,0,0,0,0,0,0,0,0,0,0,0,0
236,20162017,P,2016030415,2017-06-08,PIT,NSH,4v4,2.0,1,0,0,0,0.12723778188228607,0.07623182237148285,1,2,0,0,1,2,0,0,0,0,0,1,0,0,0,0,0,0,0,0,0,0,0,0,0,3,0,1,0,2,0,0,0,0,0,0,0,0,0,0,0,0,0,0,0,0
237,20162017,P,2016030415,2017-06-08,PIT,NSH,4v5,4.0,0,0,0,0,0.0,0.3559623956680298,0,4,0,0,0,4,0,0,0,0,0,2,0,0,0,0,0,1,0,0,0,0,2,2,2,1,0,1,1,0,1,0,0,0,0,0,0,0,0,0,0,0,0,0,0,0
238,20162017,P,2016030415,2017-06-08,PIT,NSH,5v3,0.8666666666666667,0,0,0,0,0.18800951540470123,0.0,1,0,0,0,1,0,0,0,0,0,0,0,0,0,0,0,0,0,0,0,0,2,0,0,1,0,1,0,0,0,0,0,0,0,0,0,0,0,0,0,0,0,0,0,0,0
239,20162017,P,2016030415,2017-06-08,PIT,NSH,5v4,7.516666666666667,1,0,0,0,0.2664345037192106,0.10797080269549042,4,3,0,0,5,4,0,0,0,0,0,0,1,1,0,0,0,0,3,0,1,2,0,2,2,5,1,1,0,1,1,3,0,0,0,0,0,0,1,0,0,0,0,0,0,0
240,20162017,P,2016030415,2017-06-08,PIT,NSH,5v5,45.45,4,0,3,0,1.6968565850984305,1.1279913559556007,18,15,8,3,23,24,8,3,0,0,6,13,5,9,0,0,0,36,38,6,1,10,16,18,22,19,5,4,8,9,9,6,0,4,0,2,2,0,4,0,2,3,0,0,0,0
241,20162017,P,2016030415,2017-06-08,PIT,NSH,Ev5,0.16666666666666666,0,0,0,0,0.0,0.0,0,0,0,0,0,0,0,0,0,0,1,0,0,0,0,0,0,0,0,0,0,0,0,0,0,0,0,0,0,0,0,0,0,0,0,0,0,0,1,0,0,0,0,0,0,0
242,20162017,P,2016030416,2017-06-11,NSH,PIT,5v4,6.933333333333334,0,0,0,0,0.9501108825206757,0.003859020653180778,3,2,2,0,6,2,2,0,0,0,4,0,3,0,0,0,0,0,2,1,0,6,0,0,3,3,3,0,0,1,0,2,0,0,0,0,0,0,1,0,0,0,0,0,0,0
243,20162017,P,2016030416,2017-06-11,NSH,PIT,5v5,51.21666666666667,0,1,0,1,1.8540196428075433,2.3789625843055546,24,26,4,8,36,28,4,8,0,0,7,10,12,2,0,0,0,23,22,12,3,32,8,28,34,13,16,4,4,4,14,5,0,0,0,0,0,0,2,0,0,0,0,0,0,0
244,20162017,P,2016030416,2017-06-11,NSH,PIT,Ev5,1.3166666666666667,0,1,0,1,0.07730633299797773,0.8523761630058289,0,1,0,1,2,1,0,1,0,0,0,0,2,0,0,0,0,0,0,0,0,2,2,0,2,1,1,0,1,1,0,0,0,0,0,0,0,0,1,0,0,0,0,0,0,0
245,20162017,P,2016030416,2017-06-11,PIT,NSH,4v5,6.933333333333334,0,0,0,0,0.003859020653180778,0.9501108825206757,2,3,0,2,2,6,0,2,0,0,0,4,0,3,0,0,0,2,0,0,1,0,2,4,3,3,0,3,1,0,2,0,0,1,0,0,0,0,0,0,0,0,0,0,0,0
246,20162017,P,2016030416,2017-06-11,PIT,NSH,5v5,51.21666666666667,1,0,1,0,2.3789625843055546,1.8540196428075433,26,24,8,4,28,36,8,4,0,0,10,7,2,12,0,0,0,22,23,10,7,8,8,10,13,34,4,16,4,4,5,14,0,2,0,0,0,0,0,0,0,0,0,0,0,0
247,20162017,P,2016030416,2017-06-11,PIT,NSH,5vE,1.3166666666666667,1,0,1,0,0.8523761630058289,0.07730633299797773,1,0,1,0,1,2,1,0,0,0,0,0,0,2,0,0,0,0,0,0,0,0,2,0,1,2,0,1,1,1,0,0,0,1,0,0,0,0,0,0,0,0,0,0,0,0
